[
  {
    "id": "b779aacd-bce2-433c-8aa5-097e445a66dc",
    "items": [],
    "total": 0,
    "customer": {
      "name": "fb",
      "email": "dbn@gmail.com"
    },
    "createdAt": "2025-11-02T16:09:26.096Z"
  },
  {
    "id": "6cba0779-6496-4c30-9c86-661a884b9e47",
    "items": [
      {
        "id": "1",
        "qty": 1
      }
    ],
    "total": 0,
    "customer": {
      "name": "Rallabhandi V K P Hanumathsai",
      "phone": "efvfvefefvb"
    },
    "createdAt": "2025-11-02T16:12:53.558Z"
  }
]