[
  {
    "id": 1,
    "name": "Margherita Pizza",
    "desc": "Classic cheese & tomato",
    "price": 249,
    "img": "https://tse4.mm.bing.net/th/id/OIP.7CZKLTHlIY_3A_F9BFML9AHaHa?pid=Api&P=0&h=180",
    "tags": [
      "Veg"
    ]
  },
  {
    "id": 2,
    "name": "Paneer Butter Masala",
    "desc": "Creamy paneer with butter tomato gravy",
    "price": 199,
    "img": "https://tse1.mm.bing.net/th/id/OIP.IdGS7krtr05EMXWQmOL1kwHaKi?pid=Api&P=0&h=180",
    "tags": [
      "Veg"
    ]
  },
  {
    "id": 3,
    "name": "Chicken Biryani",
    "desc": "Fragrant basmati biryani with tender chicken",
    "price": 279,
    "img": "https://tse4.mm.bing.net/th/id/OIP.r6T2zRnyrrP8LdtOEaGVowHaGl?pid=Api&P=0&h=180",
    "tags": [
      "Non-Veg"
    ]
  },
  {
    "id": 4,
    "name": "Veg Thali",
    "desc": "Balanced thali with 4 items",
    "price": 219,
    "img": "https://tse3.mm.bing.net/th/id/OIP.XhJg-GAs7HJcCE1cmIFxOgHaEK?pid=Api&P=0&h=180",
    "tags": [
      "Veg"
    ]
  }
]